7501031346608 -Mirinda naranja 2 Lt NR,,
7501031346653 -Mirinda naranja 500mL,,
7501031346677 -Mirinda naranja 1 Lt NR,,
7501031357529 -Mountain Dew citricos 500mL Pepsi,,
7501031360017 -Manzanita Sol roja 500mL,,
7501031360024 -Manzanita Sol clasica Super600 600mL,,
7501031360130 -Manzanita Sol roja 355mL lata Pepsi PBG,,
7501031360147 -Manzanita Sol roja 1Lt NR,,
7501031360161 -Manzanita Sol roja 2Lt NR,,
7501031360338 -Manzanita Sol roja 2.5Lt,,
7501031700110 -Boots-Pall Mall cigarrillos exactos rojos 25's 08pk,,
7501031702091 -Pall Mall azul c20 cDura 12pk,,
7501031704248 -Montana rojos c20 cSuave nueva pres 10pk,,
7501031706839 -Raleigh cigarrillos c20 12pk,,
7501031707027 -cigarrillos Raleigh 11pk + 03 encendedores BAT,,
7501031707263 -Boots-Pall Mall XL special light c20 6pk,,
7501031708666 -Boots-Pall Mall rojos cigarrillos c20 caj suave 12x11 BAT,,
7501031708703 -Boots-Pall Mall azules cigarrillos c20 caj suave 12x11 BAT,,
7501031709045 -Boots/Pall Mall exactos plus rojos c20 promo 12pk,,
7501031709663 -Raleigh cigarrillos c20 caj suave 12pk (12x11) BAT,,
7501031709830 -cigarrillos Pall Mall rojos c20 caj suave 12x11 exhib menudeo BAT,,
7501031709878 -Boots-Pall Mall azules cigarrillos c20 caj suave 12x11 BAT exhibidor menudeo,,
7501031710065 -Pall Mall rojos 12pk (06 x Exactos Plus 06 x Exactos cajetilla suave) BAT,,
7501031710195 -paquete mixto con 04 Pall Mall azul 04 Pall Mall rojos exactos plus 04 Raleigh BAT,,
7501031711154 -paquete cigarrillos Raleigh 09 x 8300216 + 03 x 75032869 BAT Mexico,,
7501031713202 -cigarrillos Pall Mall azules cajetilla suave 20's ofta 12x11 BAT,,
7501031713301 -cigarrillos Pall Mall exactos plus 25's rojos 10pk BAT,,
7501032331702 -yoghurt batido Fruix fresa Danone 125gr,,
7501032333997 -yoghurt beber DanUp bikini frutas tropicales 250gr,,
7501032334000 -yoghurt beber DanUp fresa Danone 250gr,,
7501032334055 -yoghurt beber DanUp mango Danone 250gr,,
7501032334703 -yoghurt beber DanUp pina coco Danone 250gr,,
7501032334956 -yoghurt beber DanUp durazno Danone 250gr,,
7501032334963 -yoghurt beber DanUp manzana Danone 250gr,,
7501032334970 -yoghurt beber DanUp XL fresa Danone 450gr,,
7501032334994 -yoghurt beber DanUp XL pina coco Danone 450gr,,
7501032339104 -licuado Licuamix platano Danone 250gr,,
7501032339135 -licuado Licuamix fresa mamey Danone 250gr,,
7501032339173 -licuado Licuamix nuez Danone 250gr,,
7501032339517 -yoghurt Danone beber fresa 250gr 90 aniversario,,
7501032339524 -yog Danone beber durazno 250gr 90 aniversario Danone,,
7501032339531 -yoghurt Danone 90 aniversario bebible manzana 250gr,,
7501032340018 -Danonino Petit Suisse fresa Danone 45gr (1),,
7501032340094 -Danonino queso Petit Suisse fresa y durazno 45gr 12pk Danone,,
7501032340216 -Danonino Petit Suisse durazno Danone 45gr,,
7501032340599 -Danonino Petit Suisse Maxi fresa Danone 90gr,,
7501032340803 -Danonino beber fresa Danone 100gr,,
7501032340988 -Danonino Maxi beber fresa 170gr 04pk,,
7501032340995 -Danonino beber fresa maxi Danone 170gr,,
7501032341039 -yoghurt beber Activia 0% ciruela pasa Danone 250gr,,
,,
,,
,,
7501032341138 -yog Danonino maxi beber encantado 170gr Danone,,
7501032341213 -yog Activia manzana linaza Danone 250gr,,
7501032344542 -Danone Activia con Ciruela Pasa,,
7501032344955 -yoghurt Activia batido ciruela pasa 1kg Danone,,
7501032346003 -yoghurt beber Vitalinea fresa Danone 250gr,,
7501032346010 -yoghurt beber Vitalinea durazno Danone 250gr,,
7501032346324 -yoghurt beber Activia ciruela pasa Danone 250gr,,
7501032346362 -yoghurt beber Activia fresa Danone 250gr,,
7501032346409 -yoghurt beber Activia fibra pera Danone 250gr,,
7501032346416 -yoghurt beber Activia fibra mora azul Danone 250gr,,
7501032346478 -licuado Activia fresa platano cereales Danone 250gr,,
7501032346485 -licuado Activia pina apio nopal Danone 250gr,,
7501032346713 -yoghurt batido Danone NutriPlus fresa 125gr,,
7501032346744 -yoghurt batido Danone NutriPlus fresa chocokrispis 140gr,,
7501032346751 -yoghurt batido Danone NutriPlus fresa zucaritas 140gr,,
7501032346904 -licuado Danone NutriPlus fresa mamey 250gr,,
7501032350932 -Danonino petit suisse 02 c/u durazno. vainilla. fresa 45gr Danone,,
7501032360290 -yoghurt batido Fruix fresa+zucaritas 135+10 Danone,,
7501032360306 -yoghurt batido Fruix fresa+chocokrisp 135+10 Danone,,
7501032601164 -aderezo Rancherito nachos 1kg,,
7501032602482 -crema Gina vegetal 1kg,,
7501032900168 -Raidolitos Raid verde c12 nva formula,,
7501032900175 -Raidolitos Raid lavanda c12 (i),,
7501032900243 -Glade manzana canela 400mL,,
7501032901738 -Glade amore 400mL,,
7501032901875 -Raid Casa y Jardin 400mL + Laminitas,,
7501032901905 -Raid Max 30 dias aerosol 300mL 204gr,,
7501032901912 -Raid casa y jardin aerosol 250mL (ii),,
7501032901929 -Raid matabichos aerosol 250mL,,
7501032901936 -Raid Accion Total aerosol 250mL 164gr,,
7501032902032 -Baygon verde matacucas 250mL,,
7501032902117 -pastilla Pato Purific original c03,,
7501032902582 -Raid Max 30 dias aero 490mL + Laminitas,,
7501032902957 -Raid Max aerosol 490mL + trampas 4pz,,
7501032903589 -insecticida Raid Max aroma mejorado aerosol 250mL SC Johnson,,
7501032903596 -insecticida Raid Max aroma mejorado aerosol 400mL SC Johnson,,
7501032907464 -Baygon verde matacucas 260mL,,
7501032907471 -Baygon verde matacucas 400mL,,
7501032907532 -Baygon forte 429mL,,
7501032907563 -Baygon casa y jardin 260mL,,
7501032907570 -Baygon casa y jardin 400mL,,
7501032907624 -repelente insectos Autan aerosol 80gr,,
7501032907716 -Insecticida en plaquitas, Baygon, aparato y 10 plaquitas,,
7501032908102 -Baygon verde aerosol 480mL SC Johnson,,
7501032915414 -Glade brisa de las cumbres 400mL,,
7501032915421 -Glade frescura matinal 400mL,,
7501032915438 -Glade spa fresh 400mL,,
7501032918392 -repelente insectos Off! crema 200gr,,
7501032925055 -Raid Accion Total aerosol 255mL,,
7501032925154 -Raid Accion Total 400mL (morado),,
,,
7501035903623 -Magitel tela limpiadora bolsa c05,,
7501035903814 -CAPRICE GEL ALGAS 18/400 GRMS.,,
7501035904040 -Vel Rosita 500mL,,
7501035904071 -Vel Rosita 1Lt,,
7501035904088 -Vel Rosita 1Lt lavadora,,
7501035904118 -Vel Rosita econopack 500mL Colgate Palmolive,,
7501035905061 -Ajax amonia 500mL,,
7501035905344 -fabuloso kitchen clener,,
7501035905368 -Fabuloso limpiador Mar Fresco 2Lts Colgate Palmolive,,
7501035906280 -desodorante Neutro Balance barra 40gr,,
7501035906464 -Fabuloso fresco amanecer 500mL,,
7501035906617 -SUAVITEL PRIMAVERAL 12/900 ML.,,
7501035906792 -MENNEN SHAMPOO 12/500 ML.,,
7501035906808 -MENNEN SHAMPOO 12/800 ML.,,
7501035907478 -biberon Curity mediano 9oz decorado,,
7501035907508 -Speed Stick DOB fresh 60gr,,
7501035907539 -Speed Stick DOB New Wind 60gr,,
7501035907584 -Speed Stick DOB sport talc 50gr,,
7501035908017 -fibra Ajax metalica limon 05pz,,
7501035908116 -talco Mennen Baby Magic azul 100gr,,
7501035908123 -talco Mennen Baby Magic rosa 100gr,,
7501035908147 -talco Mennen Baby Magic 200gr,,
7501035908154 -talco Mennen Baby Magic,,
7501035908215 -aceite Mennen Baby Magic sabila 100mL,,
7501035908239 -aceite Mennen Baby Magic 50mL,,
7501035908246 -aceite Mennen Baby Magic blanco 100mL,,
7501035908284 -aceite Mennen Baby Magic sabila 200mL Colgate Palmolive,,
7501035908376 -CAPRICE GEL BOTANICA MAND. 18/490 GR,,
7501035908734 -Palmolive extra intenso sobre 10mL,,
7501035908864 -Lady SpeedStick DOB floral 45gr,,
7501035908888 -Speed Stick DOB Hipoalergenico 45gr,,
7501035908901 -Speed Stick DOB Light Musk 45gr,,
7501035908925 -Lady SpeedStick ATB floral invisib 45gr,,
7501035908949 -Lady SpeedStick DOB invisible 45gr,,
7501035909007 -Stefano DOB original 60gr,,
7501035909014 -Stefano ATB spazio 60gr,,
7501035909229 -jabon Palmolive clasico 90gr,,
7501035909236 -jabon Mennen Baby Magic 90gr,,
7501035909588 -detergente Axion liquido limon 200mL,,
7501035910027 -Fabuloso fresco limon 1Lt,,
7501035910034 -Fabuloso fresca lavanda 1Lt,,
7501035910041 -Fabuloso mar fresco 1Lt,,
7501035910065 -Ajax super limpiador polvo azul 388gr,,
7501035910072 -Ajax bicloro verde polvo 388gr,,
7501035910096 -Fabuloso fresco amanecer 1Lt,,
7501035910201 -Stefano DOB Xtasis 60gr,,
7501035910218 -Stefano ATR xtasis 50mL,,
7501035910225 -Stefano DOA Xtasis 125gr,,
7501035910256 -Palmolive extra intenso sobre 10mL 24pk,,
7501035911031 -Colgate original 100mL 150gr,,
,,
7501035911062 -Freska-ra 132gr,,
7501035911567 -Colgate original 50mL 76gr,,
7501035911703 -Lady SpeedStick DOA morning breeze 50mL,,
7501035911710 -Lady SpeedStick DOR aloe 50gr,,
7501035912656 -CAPRICE SPRAY KIW/LAVANDA 12/300 GRM,,
7501035912663 -CAPRICE SPRAY TANG/PEACH 12/300 GRMS,,
7501035912793 -Vel Rosita barra 350gr,,
7501035913349 -Caprice SH Naturals herbal 250mL,,
7501035913356 -Caprice SH Naturals manzana 250mL,,
7501035913783 -CAPRICE SH. HERBAL 12/900 ML.,,
7501035913790 -CAPRICE SH. APPLE 12/900 ML.,,
7501035913806 -Caprice SH chabacano 900mL,,
7501035913813 -CAPRICE SH. ALOE 12/32 OZ.,,
7501035913974 -CAPRICE COND. ROSAS 12/32 OZ.,,
7501035913998 -CAPRICE COND. PAPAYA 12/32 OZ.,,
7501035914056 -WILDROOT COND. 6/600 ML.,,
7501035914063 -WILDROOT COND. 12/250 ML.,,
7501035914070 -brillantina Wildroot 100mL,,
7501035914117 -Caprice SH Naturals rosas 500mL,,
7501035914131 -CAPRICE SPRAY ALGAS 12/300 GRMS.,,
7501035914148 -CAPRICE SPRAY ALOE 12/300 GRMS.,,
7501035914575 -Suavitel fresca primavera 250mL,,
7501035915121 -biberon Curity mediano 8oz,,
7501035915138 -biberon Curity chico 4oz,,
7501035916265 -Stefano DOA black 125gr,,
7501035917507 -jabon Neutro Balance 100gr,,
7501035917514 -jabon Neutro Balance 150gr,,
7501035917521 -jabon Neutro Balance 200gr,,
7501035919099 -PALMOLIVE OPT.#1CON.LIGHT 12/400 GRM,,
7501035919105 -Palmolive Optims acondicion medio 400mL,,
7501035919112 -PALMOLIVE OPT.#3CON.INT. 12/400 GRMS,,
7501035919129 -Palmolive Optims acond extra intenso,,
7501036617789 -higien Lovly 500hojas,,
7501036617796 -higien Lovly 500hojas 04rollos,,
7501036618694 -higienico Regio R3 manzanilla paq con 04 rollos de 840 hojas c/u,,
7501036619233 -higienico Regio Rinde+ rollos 500 hojas dobles 04pz SCA Consumidor,,
7501036619844 -higien Regio RindeMas rollo 500 hojas,,
7501036620017 -servilletas Lovly c250,,
7501036620062 -servilletas Lovly c125,,
7501036620109 -servilletas Lovly c500,,
7501036622516 -servilletas Regio colores c500,,
7501036631129 -toalla rollo Boreal 85 hojas,,
7501036631440 -toalla rollo Boreal c100 (26.5x21.2cm),,
7501036631518 -toalla rollo Lovly c70hojas (26.5x22.3cm,,
7501036631525 -toalla rollo Lovly c2x70h (26.5x22.3cm),,
7501036641029 -panuelo Scottis blanco c90 21.6 x 20.5,,
7501037000009 -corrector Kores brocha aqua 20mL,,
7501037000139 -vainilla Pasa saborizante artificial 125mL Panamericana de Alimentos,,
7501037217179 -salsa Loltun habanero roja 150gr,,
7501037217223 -salsa Loltun habanero verde 150gr,,
,,
7501037403510 -tinte Miss Clairol 51,,
7501037403701 -tinte Miss Clairol #70,,
7501037451054 -mousse Herbal Essences extra control,,
7501037451061 -mousse Herbal Essences extractrl 227gr,,
7501037600018 -pila Eveready D 02pz,,
7501037600032 -pila Eveready C 02pz,,
7501037600056 -pila Eveready AA blister c4,,
7501037600070 -pila Eveready 9V,,
7501037601251 -pila Eveready AA por pares 12pk,,
7501037601275 -pila Energizer Max AA blister c5,,
7501037601718 -pila Eveready AAA blister c4,,
7501037607574 -pila Energizer Max AAA blister c5,,
7501037908022 -Buscapina simple Boehringer Ingelheim 36pz,,
7501038377100 -la consentida salsa de chiles chipotles,,
7501038509464 -Kahlua - Licor de Cafe,,
7501038803012 -VAQUITA CHOCOLATE POWDER,,
7501039120149 -aceite vegetal comestible Nutrioli 946mL,,
7501039121436 -aceite vegetal comestible Ave 900mL,,
7501039126004 -aceite vegetal comestible Nutrioli 473mL,,
7501039126592 -aceite vegetal comestible Sabrosano soya canola 1Lt Ragasa,,
7501039234211 -brillantina Jockey Club lavanda 60mL,,
7501039244210 -brillantina Jockey Club maderas 60mL,,
7501040000218 -jamon Fud ameri pavo cerdo 170gr Sigma,,
7501040000270 -salch FUD pavo 200gr Sigma,,
7501040001031 -jamon pierna rebanado Chimex 5kg Sigma,,
7501040001727 -jamon Chimex pavo 250gr Sigma,,
7501040002069 -chorizo Chimex 80gr Sigma,,
7501040002977 -salchicha San Rafael de pavo paq 03kgs Sigma,,
7501040003011 -salchicha Fud pavo Turkey Line 2kg Sigma,,
7501040003073 -salch Chimex asar 800gr Sigma,,
7501040003417 -salch FUD pavo 500gr Sigma,,
7501040003431 -salch Chimex pavo 400gr Sigma,,
7501040003653 -salchicha hot dog Chimex 3kg Sigma,,
7501040003912 -salch FUD viena 400gr Sigma,,
7501040003929 -salch Chimex asar 400gr Sigma,,
7501040004742 -jamon Fud virgina pavo cerdo 250gr Sigma,,
7501040005459 -mortadela Chimex 200gr Sigma,,
7501040005831 -jamon Fud virginia pavo 250gr Sigma,,
7501040005855 -chorizo FUD pavo 200gr Sigma,,
7501040006357 -chorizo Chimex 250gr Sigma,,
7501040008245 -tocino FUD ahumado 250gr Sigma,,
7501040009006 -salch Fud PowerDog 200gr Sigma,,
7501040017285 -tamales El Cazo puerco Sigma 12pz 540gr,,
7501040017681 -flautas El Cazo res c20 Sigma,,
7501040017841 -flautas El Cazo pollo c20 Sigma,,
7501040044014 -pizza San Rafael hawaiana Sigma 277gr,,
7501040044038 -pizza San Rafael pepperoni Sigma 218gr,,
7501040044113 -pizza San Rafael jamon champs Sigma,,
7501040044151 -pizza San Rafael mexicana Sigma 240gr,,
7501040044380 -pizza San Rafael europea Sigma 227gr,,
,,
,,
7501040044397,pizza San Rafael canadiense Sigma 228gr,,
7501040047015,Guten cortadillo res soya Sigma 500gr,,
7501040047084,Guten deshebrada res y soya Sigma 500gr,,
7501040047138,Guten fajitas res y soya Sigma 500gr,,
7501040047176,Guten fajitas tlaquepaque Sigma 500gr,,
7501040047183,Guten picadillo res y soya Sigma 500gr,,
7501040047381,Guten desmenuzado pollo soya Sigma 500gr,,
7501040047398,Guten tiras pollo soya Sigma 500gr,,
7501040070082,Cafe Ole taurina + guarana Sigma 281mL,,
7501040071225,Sole soya manzana pina Sigma 355mL,,
7501040071249,Sole soya mgo nja pina Sigma 355mL,,
7501040071331,Sole soya Light mgo nja pina Sigma 250mL,,
7501040071706,Sole ProDigestion nja nopal Sigma 355mL,,
7501040071713,Sole antiox arandano manzana Sigma 355mL,,
7501040080012,queso La Villita panela 400gr,,
7501040080227,queso Chalet americano c10 rebs 175gr,,
7501040080241,queso panela La Villita 3.5kg Sigma,,
7501040080319,queso La Villita oaxaca 200gr,,
7501040080357,queso La Villita doble crema 500gr,,
7501040080388,queso Chalet tipo americano 10 rebanadas 350gr Sigma,,
7501040080401,queso Country Valley c10 rebs 140gr 15pk,,
7501040080661,queso Chalet manchego c10 rebs 180gr,,
7501040080913,queso Chalet americano c10 rebs 180gr,,
7501040080999,queso Country Valley c10 rebs 140gr,,
7501040081347,queso La Villita fresco 400gr,,
7501040081361,queso La Villita chihuahua 200gr,,
7501040081439,queso La Villita manchego 200gr,,
7501040081477,queso La Villita rebanado 175gr,,
7501040081576,queso La Villita sierra 250gr,,
7501040081804,queso La Villita rallado Oaxaca Manchego zip pouch 220gr Sigma Alimentos,,
7501040081880,queso La Villita tipo americano 05 rebanadas 87.5gr Sigma,,
7501040081897,queso La Villita panela canasto 200gr Sigma,,
7501040082078,crema La Villita 250mL Sigma,,
7501040082139,margarina La Villita cSal barra 90gr,,
7501040082153,margarina La Villita cSal barra 90gr 04pk,,
7501040086618,crema Nortenita acida espesa 200gr Comer Lactica,,
7501040090035,yoghurt batido Yoplait fresas 150gr,,
7501040090059,yoghurt Yoplait batido mango Sigma 150gr,,
7501040090080,yoghurt Yoplait batido fresa Sigma 1kg,,
7501040090097,yoghurt Yoplait batido durazno Sigma 1kg,,
7501040090110,yoghurt Yoplait batido mango Sigma 1kg,,
7501040090165,yoghurt Yoplait batido frutas y cereales 1kg Sigma,,
7501040090707,yoghurt Yoplait batido natural Sigma 125gr,,
7501040090745,yoghurt Yoplait batido fresas Sigma 125gr,,
7501040090776,yoghurt Yoplait batido durazno Sigma 125gr,,
7501040090783,yoghurt Yoplait batido frutas cereales 125gr,,
7501040091018,yoghurt Yop fresa beber 250gr Sigma,,
7501040091025,yoghurt Yop durazno beber 250gr Sigma,,
7501040091087,yoghurt Yop pina coco beber 250gr Sigma,,
7501040091117,yoghurt Yop beber PinaShock Sigma 330gr,,
,,
7501040820083,-queso Blue House amarillo c10 rebs,138gr,,
7501040820090,-queso Blue House amarillo c10 rebs,138gr 13pk,,
7501041101419,-queso Chen cottage 350gr,,
7501041106230,-yoghurt NorMex fresa 1Lt,,
7501041106261,-yoghurt NorMex durazno 1Lt,,
7501041107077,-queso panela Camelia 3.0kg (1),,
7501041107145,-queso Camelia sierra 500gr,,
7501041107190,-queso Camelia sierra 250gr,,
7501041111074,-queso Virmar sierra 250gr,,
7501041201188,-queso Chen oaxaca Light 400gr,,
7501041201201,-queso Chen asadero 140gr,,
7501041201218,-queso Chen asadero 200gr,,
7501041201225,-queso Chen oaxaca 400g,,
7501041201249,-queso Chen oaxaca 2.75kg,,
7501041201300,-queso Chen americano c14 rebs 200g,r,,
7501041201485,-yoghurt Chen vaso CEREAX fresa 125,gr,,
7501041201553,-queso Chen asadero 400gr,,
7501041201621,-queso Chen chihuahua 400gr,,
7501041201768,-queso Chen tipo petit suisse fresa,180gr Comer Lactica,,
7501041201775,-yoghurt Chen fresa 1kg,,
7501041201782,-yoghurt Chen durazno 1kg,,
7501041201867,-queso Chen manchego 700gr,,
7501041202017,-yoghurt Chen beber Chen'et fresa 2,50gr,,
7501041202048,-yoghurt Chen beber Chen'et durazno,250gr,,
7501041202116,-yoghurt Chen beber Chen'et 1kg,,
7501041202208,-yoghurt Chen beber Chen'et fresa s,ilvtre 250gr,,
7501041202215,-yoghurt Chen beber pina coco 250gr,,
7501041203243,-queso Norteno sierra 170gr,,
7501041203250,-queso Norteno sierra 400gr Comerci,alizadora Lactica,,
7501041203281,-queso panela Camelia 3.0kg,,
7501041204011,-crema Nortenita 250mL vidrio,,
7501041204028,-crema Nortenita 500mL vidrio,,
7501041204066,-crema Nortenita 250mL vidrio c06,,
7501041204318,-crema Nortenita 250mL vidrio 12pk,,
7501041204479,-crema Nortenita 350mL sirvefacil,,
7501041206480,-yoghurt NorMex natural 1Lt,,
7501041206572,-yoghurt NorMex cereales 1Lt,,
7501041207333,-queso Camelia para fundir 200gr,,
7501041210043,-queso Chen rallado mezcla mexicana,Chihuahua Oaxaca zip pouch 300gr Comer Lactica,,
7501041210173,-queso Chen chihuahua 200gr,,
7501041210180,-queso Chen manchego 200gr,,
7501041210203,-queso Chen suizo molido 170gr,,
7501041411013,-atun Tuny en aceite 170gr,,
7501041412010,-atun Tuny en agua 170gr,,
7501041413048,-pulpo Tuny en su tinta 165gr,,
7501041413086,-ensalada Tuny atun mayonesa 155gr,,
7501041413499,-ensalada Tuny atun verduras 155gr,,
7501041413963,-ensalada Tuny pollo verduras 155gr,,
7501041414137,-ensalada Tuny pavo verduras 155gr,,
7501041414885,-ensalada Tuny Primavera sin mayo 1,55gr,,
,,
7501042300316,pastilla Patito blanca 85gr Gonher,,
7501042300422,Muriatex Alamo acido muriatico 750mL,,
7501042300439,Muriatex Alamo acido muriatico 1Lt,,
7501042300521,alcohol San Jose 220mL Gonher,,
7501042300538,alcohol San Jose 420mL Gonher,,
7501042301108,aceite Saturno maderas 240mL Gonher,,
7501042305205,sham Japonesa ropa oscura 900mL Gonher,,
7501043165723,Azantac (ranitidina, Glaxo) 150mg tabs,,
7501043703208,vino generoso tipo jerez Tres Coronas La Madrilena 01Lt,,
7501043710565,jarana tequila,,
7501044009866,steamer,,
7501044203271,quitaesmalte Racel herbal 220mL,,
7501044209600,sulfatiazol,,
7501044213294,quitaesmalte Racel fresh 220mL,,
7501044217223,talco Olorex amarillo 250gr,,
7501044217834,talco Olorex amarillo 130gr,,
7501044217841,talco Olorex amarillo 413gr,,
7501044217940,talco Olorex mentol 130gr,,
7501044217957,talco Olorex mentol 200gr,,
7501044401035,agua Alpe's grado destilada 3.785Lts Labs Monterrey,,
7501044500011,pinza ropa Mexico madera c100,,
7501044500028,pinza ropa Mexico madera c50,,
7501044500356,pinza ropa EuroPimex plasticas c36,,
7501044500400,pinza ropa EuroPimex plastico c30,,
7501044500523,pinza ropa Pimex plastico suprema c30,,
7501044500554,pinza ropa Pimex plastico MaxiPinza c24,,
7501044500615,pinza ropa EuroPimex forrada c12,,
7501044500622,pinza ropa Pimex forro plastico c25,,
7501044613360,detergente 1,2,3 escencia flores 900gr,
7501044801354,queso Chen panela canastita 200gr,,
7501044806014,margarina Nortenita barra 90gr,,
7501044807165,queso Camelia asadero 200gr,,
7501045000107,mole Rogelio Bueno 245gr,,
7501045000152,mole Rogelio Bueno 125gr,,
7501045002613,maiz pozolero Alfresco 425gr,,
7501045002620,maiz pozolero Alfresco 822gr,,
7501045002637,maiz pozolero Alfresco 3kg,,
7501045002712,dzno almibar Alfresco 840gr,,
7501045002910,pina en almibar Alfresco 800gr,,
7501045003214,garbanzo Alfresco 425gr,,
7501045003313,coctel frutas Alfresco almibar 850gr,,
7501045300047,Delicados tradicional ovalados c18 12pk,,
7501045301907,Marlboro Menthol c20 cDura 10pk,,
7501045302287,Benson & Hedges dorados lights cDura c20 10pk,,
7501045302300,Benson & Hedges mentolados lights cDura c20 10pk,,
7501045303581,Delicados cigarrillos con filtro c18 12pk,,
7501045304090,Benson & Hedges Superslims cDura c20 12pk,,
7501045304519,Delicados Supremos c20 cDura 10pk,,
7501045304526,Delicados con filtro c24 08pk,,
7501045304700,Marlboro Wides rojos c20 cDura 10pk,,
,,
7501045304892,Benson & Hedges Orange cDura c20 10pk,,
7501045305097,Delicados Supremos c20 cSuave 10pk,,
7501045305615,Marlboro 14's lights cDura c10,,
7501045305943,Benson & Hedges Duo mentolados 2x10 cDura 10pk,,
7501045400013,atun MazAtun en aceite 170gr,,
7501045400020,atun MazAtun en agua 170gr,,
7501045400037,atun El Dorado en aceite 170gr,,
7501045400044,atun Dolores en aceite 170gr,,
7501045400051,sardinas Dolores salsa tomate 425gr,,
7501045400068,atun Dolores en agua 170gr,,
7501045400082,sardinas Dolores aceite picante 125gr,,
7501045400129,atun Dolores en aceite 300gr,,
7501045400136,atun Dolores en agua 300gr,,
7501045400143,atun MazAtun en aceite 300gr,,
7501045400273,atun Dolores con jalapeno 170gr,,
7501045400303,atun El Dorado en agua 170gr,,
7501045400839,atun MazAtun aceite y chipotle 170gr,,
7501045400846,atun Dolores en aceite 295gr,,
7501045400860,atun Dolores en agua 295gr,,
7501045400884,atun MazAtun en aceite 295gr,,
7501045410029,atun MazAtun en agua 170gr 48pk,,
7501045410043,atun Dolores en aceite 170gr 48pk,,
7501046001196,arroz SOS largo super extra 1kg,,
7501047618546,arroz precocido impegable Morelos super extra 750gr Covadonga,,
7501047903116,guarnicion verduras La Huerta bolsa 500gr,,
7501048100163,aceite vegetal comestible Cristal 1Lt,,
7501048100200,aceite vegetal comestible Cristal 500mL,,
7501048100248,aceite vegetal comestible Cristal 1.5Lt,,
7501048102501,aceite vegetal comestible Kartamus 900mL,,
7501048103003,aceite vegetal comestible Oleico 100% canola 1Lt AGyD,,
7501048333202,PROTEC Alcohol,,
7501048599264,Samsonite suitcase,,
7501048620159,algodon Protec 25gr no esteril,,
7501048801015,Centenario Reposado Tequila,,
7501048810406,Gran CENTENARIO ANEJO TEQUILA,,
7501048840205,Azul Tequila,,
7501049418700,vaso 5 1/2 yukero Bosco c50,,
7501049552305,aceite vegetal comestible Cocinera 900mL,,
7501049713102,Bebederm pomada 95gr,,
7501049917302,Sol caguama botella 940mL,,
7501049918095,Sol caguama 940mL 12pk (carton),,
7501049946036,Sol carton media (20x325mL),,
7501049962012,Sol limon y sal lata 355mL,,
7501049962029,Sol limon y sal lata 355mL 24pk (tapa),,
7501049969745,Sol carton cuartito (20x190mL),,
7501049997182,Sol Cero cerveza 355mL NR,,
7501049998196,Sol Cero cerveza 355mL 06pk,,
7501050410090,higien Jazmin 160hojas 04rollos,,
7501050410144,higien Iris 04rollos,,
7501050410380,higien Adorable 500hojas suelto,,
,,
,,
7501050410533,-higien Royal Softness 500 hojas suelto,,
7501050410571,-papel higienico Iris rollo 400 hojas Fab Papel,Sn Francisco,,
7501050420051,-servilletas Velvet c500,,
7501050420068,-servilletas Velvet c250,,
7501050420075,-servilletas Velvet c125,,
7501050420181,-servilletas Hortensia 200pz Fab Papel San Fran,cisco,,
7501050430043,-toalla rollo Iris 60 hojas 27.9 x 20.3,,
7501050613460,-Afrin Lub (Oximetazolina) Descongestivo Nasal,Solucin 0.050% Spray,,
7501050617055,-Desenfriol-D 507mg adultos Schering-Plough por,par c120,,
7501050617062,-Desenfriol-D 507mg adultos Schering-Plough por,par c12,,
7501050617079,-Desenfriol-ito Infantil Schering-Plough c24,,
7501050622899,-Desenfriol D  tabletas antigripal 15 pares (2,5% gratis),,
7501050624008,-talco Mexsana 80gr,,
7501050624022,-mexana,,
7501050625395,-Desenfriol D 507mg adultos tabletas 06 pares S,chering-Plough,,
7501052411118,-cafe Legal con azucar 100gr,,
7501052411125,-cafe Legal con azucar 200gr,,
7501052411804,-cafe Legal con azucar 50gr,,
7501052417202,-cafe Oro 50gr,,
7501052417820,-cafe Oro soluble 58gr Sabormex,,
7501052420011,-frijol Sierra refrito claro 430gr,,
7501052420035,-frijol Sierra molidos claros 440gr,,
7501052420431,-frijol Sierra bayos refritos 580gr,,
7501052420622,-frijol Sierra bayos refritos queso 580gr,,
7501052420974,-frijol Sierra molidos claros 580gr,,
7501052420981,-frijol Sierra refrito claro 580gr,,
7501052424033,-frijol Sierra bayo refrito 430gr,,
7501052424040,-frijol Sierra bayo refrito cQueso 430gr,,
7501052424057,-frijol Sierra bayo refrito chorizo 440gr,,
7501052424309,-frijol Sierra nortenos refritos 440gr,,
7501052424620,-frijol Sierra charros 560gr,,
7501052424637,-frijol Sierra Ranch enteros 560gr,,
7501052431086,-sham Magna Flex manzana 960mL,,
7501052470009,-aderezo Clemente Jacques casero 237mL,,
7501052470016,-aderezo Clemente Jacques cesar 237mL,,
7501052470061,-aderezo Clemente Jacques mil islas 237mL Sabor,mex,,
7501052470436,-mostaza Clemente Jacques cMiel 260mL,,
7501052474007,-mermelada Clemente Jacques fresa 300gr,,
7501052474212,-mermelada Clemente Jacques zarza 500gr,,
7501052476308,-chile chipotle Clemente Jacques adobado 220gr,,
7501052620886,-sacapuntas fierro Rihan escolar,,
7501053501528,-gelatina Art 125gr sabores surtidos 08pk,,
7501054500063,-NIVEA CREAM 1/50 ML.,,
7501054500193,-NIVEA CREAM 24/200 GRMS.,,
7501054500216,-cream,,
7501054500476,-NIVEA BODY MILK 15/400 ML.,,
7501054501237,-atrix con glicerina moisturizer,,
7501054503095,-NIVEA CREAM 24/100 GRMS.,,
7501054504870,-Protector para labios Classic, Labello Lipcare,,
7501054508038,-Curitas Johnson & Johnson standard 3x100pz,,
,,
,,
7501054530930,termometro Hansaplast clinico,,
7501054532064,Futuro Medium Compression Maternity Stockings,,
7501054895572,liquor,,
7501054895596,tequila,,
7501054902270,tost Mision light horneada 300gr,,
7501054903017,tort Del Barrio harina TortiRicas c10,,
7501054905134,tort Mision roja enchilada 500gr,,
7501054906094,tort Del Barrio maiz blanca 750gr,,
7501054909101,totopos Del Barrio maiz 400gr,,
7501054909125,tost Del Barrio deshidratadas 220gr,,
7501054909439,totopos Del Barrio maiz 350gr,,
7501054909491,tostadas Del Barrio rojas Caseras 50pz 500gr PRODISA,,
7501054910268,tort Del Barrio burrito c12 500gr,,
7501054911012,tort Del Barrio harina 575gr c25,,
7501054911074,tort Del Bario harina integral c15 345gr,,
7501054911111,tort Del Barrio harina 230gr,,
7501054911128,tort Del Barrio harina 460gr,,
7501054911135,tort Del Barrio burrito Torreon 550gr,,
7501054911180,tort Del Barrio 690gr c30pz,,
7501054920052,tost Mision roja 360gr,,
7501054950257,tort Mision maiz blanco 470gr,,
7501054950264,tort Mision maiz amarillo 470gr,,
7501055300075,Coca Cola 355mL lata NR,,
7501055300167,Fanta naranja 355mL NR lata,,
7501055300341,Sprite lima limon lima limon 355mL NR lata,,
7501055300594,Coca Cola 1.5 Lts retornable PET,,
7501055300921,Coca Cola 1Lt retornable,,
7501055301300,Coca Cola 2Lt retornable,,
7501055301379,Fanta naranja 2Lt retornable,,
7501055301478,Coca Cola 237mL NR,,
7501055302000,Fresca toronja 355mL NR lata,,
7501055302086,Coca Cola Co. Coca Cola, Glass Bottle,,
7501055302253,fanta,,
7501055302345,Manzana Lift roja 355mL NR lata,,
7501055302451,Coca Cola 1Lt NR,,
7501055302925,Coca Cola 2.0Lt NR,,
7501055303540,Coca Cola 1.5 Lts PET desechable Coca Cola MX,,
7501055303724,Fanta naranja 500mL NR PET,,
7501055303779,Fanta naranja 600mL NR PET,,
7501055303793,Manzana Lift , Roja,,
7501055303878,Fanta naranja 2.0Lt NR,,
7501055304721,Ciel agua purificada 1.5Lt,,
7501055305247,Coca Cola 2.5Lt NR,,
7501055305315,Coca Cola Light 2Lt retornable,,
7501055305322,Coca Cola Light 500mL NR PET,,
7501055305339,Coca Cola Light 600mL NR PET,,
7501055305346,Coca Cola Ligth mk PROPIMEX S.A.,,
7501055305360,Coca Cola Light 2.0Lt NR,,
7501055305391,Coca Cola Light 355mL lata,,
7501055305421,Coca Cola Light 2.5Lt NR,,
,,
7501055305612,-Sprite lima limon 500mL NR PET,,
7501055305629,-Sprite lima limon 600mL NR PET,,
7501055305650,-Sprite lima limon 2.0Lt NR,,
7501055305681,-Ciel agua purificada garrafon 20Lts,,
7501055307678,-Fanta naranja 250mL NR PET,,
7501055307852,-Coca Cola Light 237mL NR,,
7501055307906,-Ciel agua purificada 600mL,,
7501055307913,-Manzana Lift Roja 250mL NR PET,,
7501055308163,-Fresca toronja 250mL NR PET,,
7501055308248,-Ciel Mineral Water by Coca Cola Co.,www.ciel.com.mx,,
7501055309573,-coca cola 500ml,,
7501055309580,-Coca Cola 237mL NR especial Beijing,2008,,
7501055309689,-Fanta naranja 237mL lata,,
7501055309696,-Sprite lima limon 237mL NR lata,,
7501055309702,-Manzana Lift Roja 237mL NR lata,,
7501055310043,-Nestea limon 400mL,,
7501055310227,-Coca Cola 2.5Lt retornable,,
7501055310487,-Ciel agua purificada 5Lts,,
7501055310777,-Powerade mora azul 600mL,,
7501055310784,-Powerade frutas 600mL,,
7501055310791,-Powerade lima limon 600mL,,
7501055310807,-Powerade naranja 600mL,,
7501055310883,-Ciel agua purificada 1Lt,,
7501055311323,-Sprite lima limon 250mL NR PET,,
7501055311453,-Sprite lima limon Zero 600mL NR PET,,
7501055311804,-FRESCA 2LT No Retornable,,
7501055311811,-Fanta naranja 2.5Lt NR,,
7501055311828,-Sprite lima limon 2.5Lt NR,,
7501055312566,-Manzana Lift Zero roja 600mL NR PET,,
7501055312603,-Fanta naranja Zero 600mL NR PET,,
7501055312870,-Manzana Lift Golden 600mL NR PET,,
7501055313594,-Coca Cola lata 473mL,,
7501055313716,-Ciel PLUS limon defensas Splenda 60,0mL,,
7501055313723,-Ciel PLUS jamaica purificacion Sple,nda 600mL,,
7501055313730,-Ciel PLUS toronja digestion Splenda,600mL,,
7501055313792,-Joya 2Lt retornable sabores (Master,),,
7501055313815,-Ciel PLUS limon defensas Splenda 1.,5Lt Coca Cola MX,,
7501055313822,-Ciel PLUS jamaica purificn Splenda,1.5Lt Coca Cola MX,,
7501055313990,-Joya uva 355mL NR lata,,
7501055314027,-Joya manzana 355mL NR lata,,
7501055314034,-Joya toronja 355mL NR lata,,
7501055314065,-Joya uva 500mL NR PET,,
7501055314072,-Joya manzana 500mL NR PET,,
7501055314096,-Joya ponche 600mL NR PET,,
7501055314102,-Joya uva 600mL NR PET,,
7501055314119,-Joya durazno 600mL NR PET,,
7501055314126,-Joya pina 600mL NR PET,,
7501055314133,-Joya manzana 600mL NR PET,,
7501055314140,-Joya toronja 600mL NR PET,,
7501055314157,-Joya manzana 2Lt NR PET,,
,,
7501055314164,-Joya toronja 2.0Lt NR PET,,
7501055314171,-Joya ponche 2.5Lt NR PET,,
7501055314201,-Joya pina 2.5Lt NR PET,,
7501055314218,-Joya manzana 2.5L NR PET,,
7501055314225,-Joya toronja 2.5Lt NR PET,,
7501055314249,-Joya uva 250mL NR PET,,
7501055314270,-Joya manzana 250mL NR PET,,
7501055314294,-Joya uva 237mL NR lata,,
7501055314713,-Joya fresa 250mL,,
7501055315666,-Nestea te helado limon lata 237mL Coca,Cola,Nestle,
7501055315857,-Joya manzana 1Lt NR PET,,
7501055315864,-Joya durazno 1Lt NR PET,,
7501055315888,-Joya pina 1Lt NR PET,,
7501055316038,-Powerade kiwi Pasion Azteca 600mL,,
7501055316083,-Powerade Moras,,
7501055316670,-Coca Cola Light sin cafeina 600mL NR P,ET,,
7501055316939,-Joya 355mL Retornable sabores,,
7501055316946,-Joya 500mL Retornable sabores,,
7501055317295,-Coca Cola Co.'s Minute Maid Forte appl,e fla,vored juice,
7501055317394,-Nestea limon 600mL,,
7501055317400,-Nestea limon light 600mL,,
7501055317875,-Nestea te helado durazno 600mL Coca Co,la-Ne,stle,
7501055320059,-Joya 1Lt retornable sabores,,
7501055320578,-Sprite lima limon Zero 355mL Ret,,
7501055320585,-Fanta naranja Zero 355mL Ret,,
7501055320592,-Manzana Lift Zero roja 355mL Ret,,
7501055320608,-Coca Cola Zero 237mL lata,,
7501055320622,-Coca Cola Zero 355mL lata,,
7501055320639,-Coca Cola Zero 600mL NR PET,,
7501055320660,-Coca Cola Zero 2.0Lt NR,,
7501055320677,-Coca Cola Zero 355mL retornable,,
7501055320714,-Coca Cola Light sin cafeina 355mL reto,rnabl,e,
7501055320806,-Coca Cola Zero botella vidrio 237mL NR,,
7501055321360,-Fresca Lado B toronja acida 600mL NR,,
7501055321391,-Fresca Lado B toronja acida 2.5Lt NR,,
7501055321759,-Joya manzana 237mL NR Lata,,
7501055322046,-Fanta Mundo mango tai 600mL NR PET,,
7501055322282,-Nestea te helado limon lata 458mL Coca,Cola,Nestle,
7501055322473,-Seagram's Ginger Ale lata 355mL,,
7501055322848,-Manzana Lift + manzana 500mL NR PET,,
7501055323067,-Manzana Lift + manzana 2.5Lt NR PET,,
7501055323234,-Nestea te helado limon 473mL Coca Cola,Nest,le,
7501055326990,-Gladiator energetizante furia azul lat,a 473,mL,
7501055327003,-Gladiator energetizante rudeza citrica,lata,473mL,
7501055328345,-Coca Cola 400mL NR PET,,
7501055328390,-Coca Cola Zero 400mL NR PET,,
7501055329267,-Powerade OptiEnergy moras 500mL,,
7501055329298,-Powerade OptiEnergy frutas 500mL,,
7501055329328,-Powerade OptiEnergy lima limon 500mL,,
7501055329366,-Powerade uva 600mL,,
,,
7501055329380,-Powerade OptiEnergy naranja 500mL,,
7501055330126,-Joya 1.5Lt retornable sabores,,
7501055330164,-Fresca toronja Citrics 600mL,,
7501055330454,-ValleFrut citrus punch 1.5Lt,,
7501055330683,-ValleFrut citrus punch 600mL,,
7501055330867,-Fresca toronja Citrics 2.5Lt NR,,
7501055331468,-Nestea te verde limon 473mL Coca Cola Nestle,,
7501055331635,-jugo Del Valle uva 200mL minibrick,,
7501055332090,-jugo Del Valle AntiOx extracto granada (pomegranate),1Lt,C,oca Cola MX
7501055332212,-nectar Del Valle durazno 200mL minibrick 04pk,,
7501055332250,-bebida Valle Frut jugo y pulpa mango tetrabrick 330mL,Co,ca,Cola MX
7501055332908,-Nestea te helado limon 453mL Coca Cola Nestle,,
7501055332946,-Joya ponche Zero 600mL NR PET Coca Cola MX,,
7501055333400,-nectar Del Valle naranja 200mL minibrick Coca Cola MX,,
7501055333936,-bebida Del Valle Pulpy naranja con jugo y pulpa 400mL,Co,ca,Cola MX
7501055334926,-nectar Del Valle durazno 200mL tetrawedge Coca Cola M,X,,
7501055334933,-nectar Del Valle mango 200mL tetrawedge Coca Cola MX,,
7501055334940,-nectar Del Valle manzana 200mL tetrawedge Coca Cola M,X,,
7501055335961,-nectar Del Valle mango 250mL 25% gts minibrick Coca C,ola,M,X
7501055335978,-nectar Del Valle durazno 250mL 25% gts minibrick Coca,Co,la,MX
7501055335985,-nectar Del Valle manzana 250mL 25% gts minibrick Coca,Co,la,MX
7501055336029,-nectar Del Valle manzana clarificado 250mL 25% gts mi,nib,ri,ck Coca Cola MX
7501055336234,-Powerade bebida isotonica Citric Reaction 500mL Coca,Col,a,MX
7501055336470,-bebida Frutier sabor manzana 242mL Coca Cola MX,,
7501055336487,-bebida Frutier sabor naranja 242mL Coca Cola MX,,
7501055336494,-bebida Frutier sabor uva 242mL Coca Cola MX,,
7501055900015,-Alpura leche entera Cl?sica (Mexico),,
7501055901425,-leche Alpura 2000 deslactosada UHT TetraBrik 1Lt,,
7501055902378,-Forti Leche brick 1Lt Ultrapasteurizada,,
7501055902545,-Forti Leche brick 1Lt Ultrapasteurizada 12pk,,
7501055904464,-leche Alpura 40 y tantos 1Lt,,
7501055960309,-naranja Valencia arpilla 2.5kgs Soriana,,
7501056210014,-galletas Sr Natural integrales avena nuez 280gr,,
7501056210083,-galletas Sr Natural integrales avena pasas 280gr,,
7501056220402,-galleton Sr Natural avena nuez 02pz 50gr 04pk,,
7501056270056,-cereal Sr Natural integral 400gr,,
7501056270117,-galleton Sr Natural avena nuez 02pz 50gr pieza,,
7501056310165,-Patrichs desodorante barra l'uomo 60gr Unilever,,
7501056310202,-PATRICHS LUOMO ROLL-ON 12/50 GRMS.,,
7501056310424,-Patrichs AT terra roll-on 50gr,,
7501056310868,-BRUT ROLL-ON GREEN 12/50 GRMS.,,
7501056320119,-POND'S GREEN 'C' CREAM 12/270 GRMS.,,
7501056320126,-POND'S GREEN 'C' CREAM 24/150 GRMS.,,
7501056320133,-POND'S GREEN 'C' CREAM 24/100 GRMS.,,
7501056320140,-Ponds crema C limpieza pepino 45 gr,,
7501056320300,-POND'S BLUE CREAM 'S' 12/450 GRMS.,,
7501056320317,-POND'S BLUE CREAM 'S' 12/300 GRMS.,,
7501056320324,-POND'S BLUE CREAM 'S' 24/165 GRMS.,,
7501056320614,-POND'S PINK 'H' CREAM 12/300 GRMS.,,
7501056320621,-POND'S PINK 'H' CREAM 24/165 GRMS.,,
,,
7501056321420,-Sedal SH Ondas Irresistibles 420mL,,
7501056323042,-Vaseline petrolato 250gr Unilever,,
7501056323059,-Vaseline petrolato 100gr Unilever,,
7501056323066,-Vaseline petrolato 50gr Unilever,,
7501056324773,-POND'S PINK 'H' CREAM 24/100 GRMS.,,
7501056325169,-Pond's crema original 45gr,,
7501056325183,-Pond's Original C Cremeface cleans,ing,,
7501056325381,-Pond's crema H hidratante 50gr,,
7501056325442,-Pond's crema S humectante 50gr,,
7501056325619,-ponds bio hydra,,
7501056325626,-POND'S BIO HYD.CREAM 24/160 GRMS.,,
7501056325633,-POND'S BIO HYD.CREAM 12/280 GRMS.,,
7501056326050,-POND'S REJUVENESS CREAM 24/165 GRMS.,,
7501056326067,-POND'S REJUVENESS 12/300 GRMS.,,
7501056326142,-Pond's crema S humectante 100gr,,
7501056328078,-POND'S CLARANT B3 24/165 GRMS.,,
7501056329068,-POND'S CLARANT B3 12/300 GRMS.,,
7501056330255,-Pond's crema clarant B3 50 gr,,
7501056330262,-ponds clarant b3,,
7501056330323,-Pond's crema bio-hidratante 50gr,,
7501056330378,-Pond's bio-hydratante,,
7501056330491,-pond's rejuveness,,
7501056330552,-pond's crema rejuveness dia 200g,,
7501056330583,-POND'S clarant B3 - Normal to Oily S,kin,,
7501056331122,-body lotion,,
7501056336394,-Sedal SH SOS crecimiento fortific 35,0mL,,
7501056338527,-Sedal crema para peinar rizos obedie,ntes sachet 10mL 24pk Unilever,,
7501056338534,-Sedal SOS ceramidas 2en1 sachet 15mL,c24,,
7501056339463,-shampoo Sedal SOS 2 en 1 crecimiento,fortificado sachet 10mL 24pk Unilever,,
7501056341596,-fijador Aqua Net aerosol 289gr,,
7501056347345,-SEDAL SH. CERAMIDAS 12/400 ML.,,
7501056347352,-SEDAL SH. HONEY WHEAT 12/400 ML.,,
7501056347376,-SEDAL SH. SELECTIVE 12/400 ML.,,
7501056347383,-SEDAL COND. CERAMIDAS 12/400 ML.,,
7501056347390,-SEDAL COND. HONEY WHEAT 12/400 ML.,,
7501056347406,-SEDAL COND. ADN VEGETABLES 12/400 ML,,
7501056347604,-SEDAL SH. LISSAGE 12/400 ML.,,
7501056347611,-SEDAL COND. NVO LISSAGE 12/400 ML.,,
7501056349417,-SEDAL SH. HIDRALOE 12/400 ML.,,
7501056349424,-SEDAL COND. HYDRALOE 12/400 ML.,,
7501056349554,-SEDAL SH. ADN VEGETEVAL 12/400 ML.,,
7501056349561,-SEDAL SH. VITAL 12/400 ML.,,
7501056350772,-SEDAL COND. ANTIESPONGE 12/400 ML.,,
7501056371050,-SNUGGLE ECONOPACK BLUE 12/900 ML.,,
7501056900151,-BubbaXtreme paleta fresa 17gr Adams,,
7501056900168,-BubbaXtreme paleta mora azul 18gr Ad,ams,,
7501056900311,-Trident White menta c05 Adams,,
7501056900328,-Trident White yerbabuena c05 Adams,,
7501056900335,-Trident White mora azul c05 Adams,,
7501056900342,-Trident White freshmint c05 Adams,,
,,
7501056900397,BubbaXtreme paleta pina 18gr Adams,,
7501056900458,Bubblicious paleta mora azul Adams,,
7501056900465,Futy Gom yerbabuena Adams,,
7501056900472,Futy Gom tuttifruti Adams,,
7501056900489,Futy Gom platano Adams,,
7501056900663,Halls fresa cremoso c09 Adams,,
7501056900687,Halls mentol c09 Adams,,
7501056900755,Halls menta c09 Adams,,
7501056900762,Halls yerbabuena c09 Adams,,
7501056900779,Halls cereza c09 Adams,,
7501056900786,Halls miel limon c09 Adams,,
7501056900854,Halls pina colada c09 Adams,,
7501056900861,Halls mora azul c09 Adams,,
7501056901554,Trident White fresa c05 Adams,,
7501056901882,Trident XtraCare menta c12 Adams,,
7501056901899,Trident XtraCare freshmint c12 Adams,,
7501056901950,Deemint fresa c10 Adams,,
7501056902100,Deemint limon c10 Adams,,
7501056902230,Halls menta sugar free c09 Adams,,
7501056902292,Halls fresa sugar free c09 Adams,,
7501056903183,Deemint mango c10 Adams,,
7501056903190,BubbaXtreme paleta pica mix 20gr Adams,,
7501056903527,Clorets menta c12,,
7501056903534,Clorets menta tipo americano c5,,
7501056903565,Clorets menta cero azucar c9,,
7501056903619,Clorets optimints c35 sAzucar,,
7501056903770,Clorets freshmint tipo americano c05,,
7501056903787,Clorets freshmint blister c12 Adams,,
7501056903947,Trident XtraCare yerbabuena c12 Adams,,
7501056903961,Trident XtraCare citric coctl c12 Adams,,
7501056904029,Maxair menta c10 Adams,,
7501056904074,Maxair yerbabuena c10 Adams,,
7501056904098,Maxair canela fire c10 Adams,,
7501056904135,Maxair mora explosiva c10 Adams,,
7501056910150,BubbaXtreme paleta fresa 17gr Adams 20pk,,
7501056910167,BubbaXtreme paleta mora azul 18gr Adams 20pk,,
7501056910310,Trident White menta c05 Adams c18,,
7501056910334,Trident White mora azul c05 Adams c18,,
7501056910365,Trident White menta c04 Adams 40pk,,
7501056910372,Trident White fresa c04 Adams 40pk,,
7501056910563,Trident White freshmint c04 Adams 40pk,,
7501056910662,HALLS STRAWBERRY 1/16 CT.,,
7501056910686,HALLS XTRA MENTHOL 1/16 CT.,,
7501056910754,Halls menta c09 Adams 16pk,,
7501056910761,Halls yerbabuena c09 Adams 16pk,,
7501056910778,HALLS CHERRY 1/16 CT.,,
7501056910785,Halls miel limon c09 Adams 16pk,,
7501056910853,HALLS PI?A COLADA 1/16 CT.,,
7501056910860,Halls mora azul c09 Adams c16,,
7501056911140,Chiclets Adams celofan 4's surtidos 60pk,,
,,
7501056911560,Trident White yerbabuena c04 Adams 40pk,,
7501056911942,Deemint fresa c2 Adams 40pk,,
7501056912604,Bubbaloo tutti,fruti 05gr Adams c60,,
7501056912611,Bubbaloo fresa 05gr 60pk Adams,,
7501056912642,Bubbaloo mora azul 05gr Adams 60pk,,
7501056912840,Bubbaloo menta 05gr Adams 60pk,,
7501056912963,Bubbaloo platano 05gr Adams 60pk,,
7501056913199,BubbaXtreme paleta pica mix 20gr Adams 20pk,,
7501056913281,Trident XtraCare menta 2's Adams 40pk,,
7501056913588,Clorets menta Adams c4 60pk,,
7501056913595,Clorets menta cajita Adams c2 60pk,,
7501056913762,Clorets freshmint Adams c4 60pk,,
7501056913779,Clorets freshmint tipo americano c05 20pk,,
7501056960216,Trident XtraCare menta c12 Adams 12pk,,
7501056960223,Trident XtraCare freshmint c12 Adams 12pk,,
7501056960254,Trident XtraCare yerbabuena c12 Adams 12pk,,
7501057002663,Lomotil antidiarreico 08pz,,
7501057005404,POMADA LA CAMPANA 20/35 GRMS.,,
7501057005503,POMADA LA CAMPANA 12/75 GRMS.,,
7501057005848,Locin Caladryl Clear, Pfizer,,
7501057006371,Listerine enjuague bucal menta 6 en 1 500mL Johnson & Johnson,,
7501057720277,salchicha Zwan cocktail 500gr Zwanenberg,,
7501058201539,Crayola jumbo crayones frasco Binney Smith,,
7501058550613,tortillero plastico KIP modelo 5061 12 tortillas,,
7501058561213,vaso Kip plastico blanco 500mL,,
7501058561596,Cubeta multiusos de homer,,
7501058606594,helado Nestle napolitano 1.8Lts,,
7501058714916,ablandador carnes French's 199gr,,
7501058736109,aceite 3 en 1 Cubre Raspaduras maderas 240mL Reckitt Beckinser,,
7501058737106,aceite 3 en 1 rojo 240mL,,
7501058743107,cera liquida Nugget blanca 60mL,,
7501058743121,cera liquida Nugget negra 60mL,,
7501058743145,cera liquida Nugget cafe 60mL,,
7501058751058,Easy Off BAM grasa y cochambre atomizador 650mL Reckitt Beckinser,,
7501058756299,pastilla Harpic WC frescura marina 45gr,,
7501058756350,pastilla Harpic WC pino 35gr,,
7501058756367,pastilla Harpic WC aroma floral 35gr,,
7501058756435,pastilla Harpic WC marina 01pz,,
7501058756817,pastilla Harpic super azul lavanda 35gr,,
7501058765741,AirWick manzana verde 400mL,,
7501058765758,AirWick frutas silvestres 400mL,,
7501058765765,AirWick flores durazno 400mL,,
7501058770110,Easy,Off limpia horno 238gr,,
7501058770134,Easy,Off limpia horno 476gr,,
7501058785077,cera liquida Nugget negra 72mL 20% mas,,
7501059200012,Agua 100% Pura de Manantial , Santa Maria,,
7501059204102,salsa Maggi inglesa 100mL,,
7501059204126,salsa Maggi soya 100mL,,
7501059206953,Consomate Nestle pollo lata 225gr,,
7501059209121,leche Nido clasica 400gr Nestle,,
7501037403510,tinte Miss Clairol 51,,
7501037403701,tinte Miss Clairol #70,,
7501037451054,mousse Herbal Essences extra control,,
7501037451061,mousse Herbal Essences extractrl 227gr,,
7501037600018,pila Eveready D 02pz,,
7501037600032,pila Eveready C 02pz,,
7501037600056,pila Eveready AA blister c4,,
7501037600070,pila Eveready 9V,,
7501037601251,pila Eveready AA por pares 12pk,,
7501037601275,pila Energizer Max AA blister c5,,
7501037601718,pila Eveready AAA blister c4,,
7501037607574,pila Energizer Max AAA blister c5,,
7501037908022,Buscapina simple Boehringer Ingelheim 36pz,,
7501038377100,la consentida salsa de chiles chipotles,,
7501038509464,Kahlua , Licor de Cafe,,
7501038803012,VAQUITA CHOCOLATE POWDER,,
7501039120149,aceite vegetal comestible Nutrioli 946mL,,
7501039121436,aceite vegetal comestible Ave 900mL,,
7501039126004,aceite vegetal comestible Nutrioli 473mL,,
7501039126592,aceite vegetal comestible Sabrosano soya canola 1Lt Ragasa,,
7501039234211,brillantina Jockey Club lavanda 60mL,,
7501039244210,brillantina Jockey Club maderas 60mL,,
7501040000218,jamon Fud ameri pavo cerdo 170gr Sigma,,
7501040000270,salch FUD pavo 200gr Sigma,,
7501040001031,jamon pierna rebanado Chimex 5kg Sigma,,
7501040001727,jamon Chimex pavo 250gr Sigma,,
7501040002069,chorizo Chimex 80gr Sigma,,
7501040002977,salchicha San Rafael de pavo paq 03kgs Sigma,,
7501040003011,salchicha Fud pavo Turkey Line 2kg Sigma,,
7501040003073,salch Chimex asar 800gr Sigma,,
7501040003417,salch FUD pavo 500gr Sigma,,
7501040003431,salch Chimex pavo 400gr Sigma,,
7501040003653,salchicha hot dog Chimex 3kg Sigma,,
7501040003912,salch FUD viena 400gr Sigma,,
7501040003929,salch Chimex asar 400gr Sigma,,
7501040004742,jamon Fud virgina pavo cerdo 250gr Sigma,,
7501040005459,mortadela Chimex 200gr Sigma,,
7501040005831,jamon Fud virginia pavo 250gr Sigma,,
7501040005855,chorizo FUD pavo 200gr Sigma,,
7501040006357,chorizo Chimex 250gr Sigma,,
7501040008245,tocino FUD ahumado 250gr Sigma,,
7501040009006,salch Fud PowerDog 200gr Sigma,,
7501040017285,tamales El Cazo puerco Sigma 12pz 540gr,,
7501040017681,flautas El Cazo res c20 Sigma,,
7501040017841,flautas El Cazo pollo c20 Sigma,,
7501040044014,pizza San Rafael hawaiana Sigma 277gr,,
7501040044038,pizza San Rafael pepperoni Sigma 218gr,,
7501040044113,pizza San Rafael jamon champs Sigma,,
7501040044151,pizza San Rafael mexicana Sigma 240gr,,
7501040044380,pizza San Rafael europea Sigma 227gr,,